,blend_id,oil_property_param_title,smiles,oil_property_param_value
0,007b4d7a-b1f8-11ed-93b4-005056921581,ad7e6027-00b8-4c27-918c-d1561f949ad8,"['CC(C)CCCCC', 'CCCC(C)CCC', 'CCCCC']",13360.0
1,0109d480-f91d-11ec-96ac-005056921581,ad7e6027-00b8-4c27-918c-d1561f949ad8,"['CCC(C)CCCC', 'CCCC(C)CCC', 'CCCCC', 'CCCCC(C)C', 'O=C(OC)C(C)(CCC)C']",111400.0
2,01bc9ed0-0f2f-11ed-9900-005056921581,ad7e6027-00b8-4c27-918c-d1561f949ad8,"['CCC(C(OC)=O)CC', 'CCCC(C)CCC', 'CCCCC']",16325.0
3,01d12ce2-ddec-11ed-8992-005056921581,ad7e6027-00b8-4c27-918c-d1561f949ad8,"['CC(C(OCCCC)=O)C(OCCCC)=O', 'CCC(C(OC)=O)CC', 'CCCCCCC(C(C)CCCCCCC)CC(C)CCCCCC']",12530.0
4,01eae8bc-1885-11ed-98cd-005056921581,ad7e6027-00b8-4c27-918c-d1561f949ad8,"['CCC(C(OC)=O)CC', 'CCC(C)(C)CC', 'CCC(C)CCCC', 'CCCCC(C)C']",65940.0
5,0366a302-d9cd-11ed-96ad-005056921581,ad7e6027-00b8-4c27-918c-d1561f949ad8,"['CC(C(OCCCC)=O)C(OCCCC)=O', 'CC(OCCCCOC)=O', 'CCCCCCC(C(C)CCCCCCC)CC(C)CCCCCC']",6806.0
6,037e9272-e5a9-11ed-8950-005056921581,ad7e6027-00b8-4c27-918c-d1561f949ad8,"['CC(C)CCCCC', 'CCC(C(OC)=O)CC', 'CCCC(C)CCC', 'CCCCC(C)C']",98500.0
7,03f8d734-5441-11ed-993d-005056921581,ad7e6027-00b8-4c27-918c-d1561f949ad8,"['CC1=CC2=NNN=C2C=C1.C(CO)N(CCO)CCO', 'CCC(C(OC)=O)CC', 'CCCC(C)CCC', 'CCCCCCC']",14435.0
8,043e4af2-a2fc-11ee-850f-005056921581,ad7e6027-00b8-4c27-918c-d1561f949ad8,"['CC(C)(C)CC(C)(C)C', 'CC(C)(CC(C)C1=CC=CC=C1)C(OC)=O', 'CCC(C(OC)=O)CC', 'CCC(C)CCC', 'CCCC(C)CCC']",18840.0
9,04aed446-6beb-11ed-87f9-005056921581,ad7e6027-00b8-4c27-918c-d1561f949ad8,"['CC(C)(C)C(OC)=O', 'CC(C)CCCCC', 'CCCC(C)CCC', 'CCCC/C=C\\C(CCCCCCC)=C\\C(CCCCC)C', 'O=C(OCCCCCCCCCCC)C(CC)C']",7416.0
10,068c0fcc-b642-11ec-8ff7-005056921581,ad7e6027-00b8-4c27-918c-d1561f949ad8,"['CCC(C(OC)=O)CC', 'CCC(C)CCCC', 'CCCC(C)CCC', 'CCCCC', 'CCCCC(C)C']",113550.0
11,083a8a14-3807-11ed-9a4d-005056921581,ad7e6027-00b8-4c27-918c-d1561f949ad8,"['CCCC(C)CCC', 'CCCCC', 'COC(C(C)(CC)C)=O']",16225.0
12,0881a55a-40bf-11ed-9f68-005056921581,ad7e6027-00b8-4c27-918c-d1561f949ad8,"['CCC(C(OC)=O)CC', 'CCC(C)(C)CC', 'CCC(C)CCCC', 'CCCCC']",
13,096a5168-6113-11ee-9304-005056921581,ad7e6027-00b8-4c27-918c-d1561f949ad8,"['CC(C(OCCCC)=O)C(OCCCC)=O', 'CCCCCCC(C(C)CCC)CC(C)CCCCCC', 'CCCCCCCCC(CCCCCC)CC(C)CCCCCCCC']",5179.0
14,0b48031c-5067-11ed-8429-005056921581,ad7e6027-00b8-4c27-918c-d1561f949ad8,"['CC1=CC2=NNN=C2C=C1.C(CO)N(CCO)CCO', 'CCC(C(OC)=O)CC', 'CCCC(C)CCC', 'CCCCCCC']",14445.0
15,0b8931aa-1ff3-11ee-8a17-005056921581,ad7e6027-00b8-4c27-918c-d1561f949ad8,"['CC(C)(C)CC(C)(C)C', 'CCC(C(OC)=O)CC', 'CCCC(C)CCC', 'CCCCC', 'CCCCC(C)C']",172500.0
16,0c1e84d8-b967-11ec-824f-005056921581,ad7e6027-00b8-4c27-918c-d1561f949ad8,"['CC1CCCCC1C', 'CCC(C(OC)=O)CC', 'CCC(C)CCCC', 'CCCC(C)CCC', 'CCCCC', 'CCCCC(C)C']",130450.0
17,0da59288-2b80-11ee-8b54-005056921581,ad7e6027-00b8-4c27-918c-d1561f949ad8,"['CCCC(C)CCC', 'CCCCC(C)C']",76188.0
18,0e4dc594-4548-11ed-95be-005056921581,ad7e6027-00b8-4c27-918c-d1561f949ad8,"['CCC(C(OC)=O)CC', 'CCC(C)(C)CC', 'CCC(C)CCCC', 'CCCCC']",37200.0
19,0f938e64-c64a-11ee-9962-005056921581,ad7e6027-00b8-4c27-918c-d1561f949ad8,"['CC(C(OCCCC)=O)C(OCCCC)=O', 'CCCCCCCCC(CCCCCC)CC(C)CCCCCCCC']",160300.0
20,10290fd4-ab76-11ec-9d4e-005056921581,ad7e6027-00b8-4c27-918c-d1561f949ad8,"['CCC(C)CCCC', 'CCCC(C)CCC', 'CCCCC', 'CCCCC(C)C', 'O=C(OC)C(C)(C)CC']",175450.0
21,1036b13a-cc76-11ed-9984-005056921581,ad7e6027-00b8-4c27-918c-d1561f949ad8,"['CC(C)CCCCC', 'CCCC(C)CCC']",138500.0
22,11567186-5baf-11ee-821b-005056921581,ad7e6027-00b8-4c27-918c-d1561f949ad8,"['CC(C(OCCCC)=O)C(OCCCC)=O', 'CCCCCCCCC(CCCCCC)CC(C)CCCCCCCC']",150900.0
23,12610ab4-ddec-11ed-8992-005056921581,ad7e6027-00b8-4c27-918c-d1561f949ad8,"['CC(C(OCCCC)=O)C(OCCCC)=O', 'CCC(C(OC)=O)CC', 'CCCCCCC(C(C)CCCCCCC)CC(C)CCCCCC']",12530.0
24,12799772-7cfa-11ec-83a1-005056921581,ad7e6027-00b8-4c27-918c-d1561f949ad8,"['CCC(C)CCCC', 'CCCCC(C(OCC)=O)C(OCC)=O', 'CCCCCCCCC(C(C(C)C)CCCCCC)CC(C(C)C)CCCCC', 'O=C(CC)OCCCCCOC']",43800.0
25,1368a606-90da-11ed-8e59-005056921581,ad7e6027-00b8-4c27-918c-d1561f949ad8,"['CCCC(C)CCC', 'CCCCC']",12515.0
26,145aabec-d921-11ed-8ff0-005056921581,ad7e6027-00b8-4c27-918c-d1561f949ad8,"['CC(OCCCCOC)=O', 'CCCCCCC(C(C)CCCCCCC)CC(C)CCCCCC', 'O=S(C1=CC=C(CCCCCCCCCCCCCCCCCCC)C=C1)(O)=O']",6738.0
27,14f17b90-4ebf-11ed-8ba0-005056921581,ad7e6027-00b8-4c27-918c-d1561f949ad8,"['CCC(C(OC)=O)CC', 'CCC(C)(C)CC', 'CCCC(C)CCC', 'CCCCC(C)C']",122100.0
28,1633dd1a-41b5-11ee-80bb-005056921581,ad7e6027-00b8-4c27-918c-d1561f949ad8,['CCCC(C)CCC'],10297.0
29,17ba5c8c-8512-11ed-9343-005056921581,ad7e6027-00b8-4c27-918c-d1561f949ad8,"['CC(C)CCCCC', 'CCCCCCC(C(C(C)C)CCCCCC)CC(C(C)C)CCCCC', 'CCCCCCCCC(CCCCC)CCCCCC', 'O=C(OC)C(C)(C)CC']",2470.0
30,17ff87e4-8261-11ec-83a1-005056921581,ad7e6027-00b8-4c27-918c-d1561f949ad8,"['CCC(C)CCCC', 'CCCCC', 'CCCCC(C)C', 'O=C(OCCCCCCCCCC)CCCCCC1=CC=CC=C1']",154000.0
31,19116de2-76ed-11ed-8822-005056921581,ad7e6027-00b8-4c27-918c-d1561f949ad8,"['CC(C)(CC(C)C1=CC=CC=C1)C(OC)=O', 'CCC(C(OC)=O)CC', 'CCCC(C)CCC', 'CCCCC']",38475.0
32,1968c796-8eb0-11ee-8345-005056921581,ad7e6027-00b8-4c27-918c-d1561f949ad8,"['CC(C)(C)CC(C)(C)C', 'CCC(C(OC)=O)CC', 'CCCC(C)CCC', 'CCCCC', 'CCCCC(C)C']",98800.0
33,1a5a254e-1fb4-11ed-9457-005056921581,ad7e6027-00b8-4c27-918c-d1561f949ad8,"['CCC(C(OC)=O)CC', 'CCCC(C)CCC', 'CCCCC']",15740.0
34,1ab8571c-b4d0-11ec-8ff7-005056921581,ad7e6027-00b8-4c27-918c-d1561f949ad8,"['CC(C)(C)C(OC)=O', 'CCC(C)CCCC', 'CCCC(C)CCC', 'CCCCC', 'CCCCC(C)C']",191250.0
35,1b65beb4-18aa-11ed-98cd-005056921581,ad7e6027-00b8-4c27-918c-d1561f949ad8,"['CCCC(C)CCC', 'CCCCC']",15040.0
36,1beff8c2-adce-11ed-996a-005056921581,ad7e6027-00b8-4c27-918c-d1561f949ad8,"['CC(C)(C)CC(C)(C)C', 'CC(C)CCCCC', 'CCC(C(OC)=O)CC', 'CCCC(C)CCC', 'CCCCC', 'CCCCC(C)C']",129200.0
37,1e2dc4d2-f0a1-11ed-80ae-005056921581,ad7e6027-00b8-4c27-918c-d1561f949ad8,"['CC(C)(C)C(OC)=O', 'CC(C)CCCCC', 'CCCC(C)CCC', 'CCCCCCC', 'CCCCCCCCC(CCCCCC)CC(C)CCCCCCCC', 'O=C(OCCCCCCCCCCC)C(CC)C']",5350.0
38,1ea31690-1a2f-11ed-8e4b-005056921581,ad7e6027-00b8-4c27-918c-d1561f949ad8,"['CCC(C(OC)=O)CC', 'CCCC(C)CCC', 'CCCCC']",26595.0
39,20267768-b5b8-11ec-8ff7-005056921581,ad7e6027-00b8-4c27-918c-d1561f949ad8,"['CC(C)(C)C(OC)=O', 'CCC(C)CCCC', 'CCCC(C)CCC', 'CCCCC', 'CCCCC(C)C']",175350.0
40,205e7992-e280-11ed-8477-005056921581,ad7e6027-00b8-4c27-918c-d1561f949ad8,"['CC(C(OCCCC)=O)C(OCCCC)=O', 'CCC(C(OC)=O)CC', 'CCCCCCC(C(C)CCCCCCC)CC(C)CCCCCC']",11700.0
41,20f38ca2-c3ff-11ed-9434-005056921581,ad7e6027-00b8-4c27-918c-d1561f949ad8,"['CC(C)CCCCC', 'CCC(C(OC)=O)CC', 'CCCC(C)CCC']",173050.0
42,215a061a-c7bc-11ed-9659-005056921581,ad7e6027-00b8-4c27-918c-d1561f949ad8,"['CC(C)(C)CC(C)(C)C', 'CC(C)CCCCC', 'CCC(C(OC)=O)CC', 'CCCC(C)CCC', 'CCCCC', 'CCCCC(C)C']",144500.0
43,21902f44-80ed-11ed-990b-005056921581,ad7e6027-00b8-4c27-918c-d1561f949ad8,"['CCC(C(OC)=O)CC', 'CCC(C)(C)CC', 'CCCC(C)CCC', 'O=C(CC(CC(OCCCCCCCCCCCCCCCCCCC)=O)C)OCC']",33065.0
44,2307f0c2-0353-11ed-846b-005056921581,ad7e6027-00b8-4c27-918c-d1561f949ad8,"['CCCC(C)CCC', 'CCCCC']",15495.0
45,232fb26a-4bba-11ed-9952-005056921581,ad7e6027-00b8-4c27-918c-d1561f949ad8,"['CC1=CC2=NNN=C2C=C1.C(CO)N(CCO)CCO', 'CCC(C(OC)=O)CC', 'CCCC(C)CCC', 'CCCCC']",18255.0
46,23a15042-5694-11ee-87b9-005056921581,ad7e6027-00b8-4c27-918c-d1561f949ad8,"['CCCC(C)CCC', 'CCCCCCC', 'O=C(C1=CC=CC=C1)N2N=NC3=C2C=CC=C3']",7678.0
47,23c019b4-f3ad-11ec-8f07-005056921581,ad7e6027-00b8-4c27-918c-d1561f949ad8,"['CC(C)CCCCC', 'CCC(C(OC)=O)CC', 'CCC(C)CCCC', 'CCCC(C)CCC', 'CCCCC', 'CCCCC(C)C']",135050.0
48,242af534-2577-11ee-88f6-005056921581,ad7e6027-00b8-4c27-918c-d1561f949ad8,"['CC(C)(C)CC(C)(C)C', 'CCC(C(OC)=O)CC', 'CCCC(C)CCC', 'CCCCC', 'CCCCC(C)C']",129300.0
49,26fee3f4-09e0-11ee-8bcd-005056921581,ad7e6027-00b8-4c27-918c-d1561f949ad8,"['CC(C)(C)CC(C)(C)C', 'CC(C)CCCCC', 'CCC(C(OC)=O)CC', 'CCCC(C)CCC', 'CCCCC', 'CCCCC(C)C']",108200.0
50,27e7af3c-6f15-11ed-97f8-005056921581,ad7e6027-00b8-4c27-918c-d1561f949ad8,"['CC(C)CCCCC', 'CCC(CC(C)OCCCC)Cl', 'CCCCCCC', 'CCCCCCCCC(CCCCC)CCCCCC', 'O=C(OC)C(C)(C)CC']",4357.0
51,284f216c-4c48-11ec-8a77-005056921581,ad7e6027-00b8-4c27-918c-d1561f949ad8,"['CC(OCCCCOC)=O', 'CCC(C)CCCC', 'CCCC(C)CCC', 'O=C(OCCCCCCCCCC)CCCCCC1=CC=CC=C1']",42900.0
52,2861584a-c64a-11ee-9962-005056921581,ad7e6027-00b8-4c27-918c-d1561f949ad8,"['CC(C(OCCCC)=O)C(OCCCC)=O', 'CCCCCCCCC(CCCCCC)CC(C)CCCCCCCC']",145300.0
53,28f29ab0-627e-11ee-823f-005056921581,ad7e6027-00b8-4c27-918c-d1561f949ad8,"['CC(C(OCCCC)=O)C(OCCCC)=O', 'CCCCCCC(C(C(C)C)CCCCCC)CC(C(C)C)CCCCC', 'CCCCCCCCC(CCCCCC)CC(C)CCCCCCCC']",147550.0
54,2912aff4-09e0-11ee-8bcd-005056921581,ad7e6027-00b8-4c27-918c-d1561f949ad8,"['CC(C(OCCCC)=O)C(OCCCC)=O', 'CCCCCCCCC(CCCCCC)CC(C)CCCCCCCC']",7224.0
55,2a16aa0c-a141-11ed-9c3e-005056921581,ad7e6027-00b8-4c27-918c-d1561f949ad8,"['CC(C)(C)C(OC)=O', 'CC(C)CCCCC', 'CCCC(C)CCC', 'CCCC/C=C\\C(CCCCCCC)=C\\C(CCCCC)C', 'CCCCCCC', 'O=C(OCCCCCCCCCCC)C(CC)C']",7369.0
56,2b7550d8-6330-11ec-8eb2-005056921581,ad7e6027-00b8-4c27-918c-d1561f949ad8,"['CCC(C)CCCC', 'CCCC(C)CCC']",20260.0
57,2b9cde50-381e-11ed-9a4d-005056921581,ad7e6027-00b8-4c27-918c-d1561f949ad8,"['CCC(C(OC)=O)CC', 'CCC(C)CCCC', 'CCCCC(C)C']",80575.0
58,2c07da86-dcea-11ed-803e-005056921581,ad7e6027-00b8-4c27-918c-d1561f949ad8,"['CC(C)(C)CC(C)(C)C', 'CC(C)CCCCC', 'CCC(C(OC)=O)CC', 'CCCC(C)CCC', 'CCCCC', 'CCCCC(C)C']",117050.0
59,2c2b05c4-94d7-11ee-8da4-005056921581,ad7e6027-00b8-4c27-918c-d1561f949ad8,"['CCC(C(OC)=O)CC', 'CCCC(C)CCC', 'CCCCC(C)C', 'CCCCCCC']",11570.0
60,2d1bdb06-7a17-11ed-80e1-005056921581,ad7e6027-00b8-4c27-918c-d1561f949ad8,"['CC(C)(C)C(OC)=O', 'CC(C)CCCCC', 'CCCC(C)CCC', 'CCCC/C=C\\C(CCCCCCC)=C\\C(CCCCC)C', 'O=C(OCCCCCCCCCCC)C(CC)C']",8355.0
61,324be4ba-53fb-11ec-92cf-005056921581,ad7e6027-00b8-4c27-918c-d1561f949ad8,"['CCC(C)CCCC', 'CCCCCCCCC(C(C)CCCCCC)CC(C)CCCCC', 'COC(C(C)(CC)C)=O']",47800.0
62,32669e02-0cb7-11ed-87b0-005056921581,ad7e6027-00b8-4c27-918c-d1561f949ad8,"['CCC(C(OC)=O)CC', 'CCCC(C)CCC', 'CCCCC']",17845.0
63,33c2e8d2-c67e-11ee-9e1a-005056921581,ad7e6027-00b8-4c27-918c-d1561f949ad8,"['CC(C)(CC(C)C1=CC=CC=C1)C(OC)=O', 'CCCC(C)CCC', 'CCCCC']",13355.0
64,34db9128-d864-11ed-9c4c-005056921581,ad7e6027-00b8-4c27-918c-d1561f949ad8,"['CC(C(OCCCC)=O)C(OCCCC)=O', 'CCCCCCC(C(C)CCCCCCC)CC(C)CCCCCC']",10950.0
65,354d740c-066c-11ed-9716-005056921581,ad7e6027-00b8-4c27-918c-d1561f949ad8,"['CCCC(C)CCC', 'CCCCC', 'CCCCC(C)C', 'O=C(OC)C(C)(CCC)C']",166200.0
66,361f42ea-c7bc-11ed-9659-005056921581,ad7e6027-00b8-4c27-918c-d1561f949ad8,"['CC(C)(C)CC(C)(C)C', 'CC(C)CCCCC', 'CCC(C(OC)=O)CC', 'CCCC(C)CCC', 'CCCCC', 'CCCCC(C)C']",142150.0
67,36bc3698-84ed-11ed-9343-005056921581,ad7e6027-00b8-4c27-918c-d1561f949ad8,"['CCCC(C)CCC', 'CCCCC']",14960.0
68,388fac92-e18d-11ec-8487-005056921581,ad7e6027-00b8-4c27-918c-d1561f949ad8,"['CC(C)CCCCC', 'CCC(C(OC)=O)CC', 'CCC(C)CCCC', 'CCCC(C)CCC', 'CCCCC', 'CCCCC(C)C']",116600.0
69,38b84798-7cfb-11ec-83a1-005056921581,ad7e6027-00b8-4c27-918c-d1561f949ad8,"['CCC(C)CCCC', 'CCCCC(C(OCC)=O)C(OCC)=O', 'CCCCC(C)C', 'CCCCCCCCC(C(C(C)C)CCCCCC)CC(C(C)C)CCCCC']",40250.0
70,38dd345c-5038-11ed-93f9-005056921581,ad7e6027-00b8-4c27-918c-d1561f949ad8,"['CCC(C(OC)=O)CC', 'CCC(C)(C)CC', 'CCCC(C)CCC']",853000.0
71,3a073616-5132-11ed-8c60-005056921581,ad7e6027-00b8-4c27-918c-d1561f949ad8,"['CC(C)CCCCC', 'CCC(C(OC)=O)CC', 'CCC(C)(C)CC', 'CCC(C)CCCC', 'CCCC(C)CCC']",14385.0
72,3a2c5884-c6fc-11ed-863f-005056921581,ad7e6027-00b8-4c27-918c-d1561f949ad8,"['CC(C)CCCCC', 'CCC(C(OC)=O)CC', 'CCCC(C)CCC']",166200.0
73,3b3af9b4-568c-11ed-8e55-005056921581,ad7e6027-00b8-4c27-918c-d1561f949ad8,"['CCC(C(OC)=O)CC', 'CCCC(C)CCC']",115250.0
74,3b787cb2-3fe9-11ed-8432-005056921581,ad7e6027-00b8-4c27-918c-d1561f949ad8,"['CCC(C(OC)=O)CC', 'CCCC(C)CCC', 'CCCCC', 'CCCCC(C)C']",132400.0
75,3cb7b4dc-e280-11ed-8477-005056921581,ad7e6027-00b8-4c27-918c-d1561f949ad8,"['CC(C(OCCCC)=O)C(OCCCC)=O', 'CCC(C(OC)=O)CC', 'CCCCCCC(C(C)CCCCCCC)CC(C)CCCCCC']",12105.0
76,3cc31d94-5e39-11ec-803b-005056921581,ad7e6027-00b8-4c27-918c-d1561f949ad8,"['CCC(C)CCCC', 'CCCCCCCCC(C(C(C)C)CCCCCC)CC(C(C)C)CCCCC', 'COC(C(C)(CC)C)=O']",34400.0
77,3d899ecc-0c0a-11ed-9b29-005056921581,ad7e6027-00b8-4c27-918c-d1561f949ad8,"['CCC(C(OC)=O)CC', 'CCC(C)CCCC', 'CCCC(C)CCC', 'CCCCC', 'CCCCC(C)C']",119100.0
78,3ddea7ba-5a88-11ed-96db-005056921581,ad7e6027-00b8-4c27-918c-d1561f949ad8,"['CCC(C(OC)=O)CC', 'CCC(C)CCCC', 'CCCCC(C)C']",83760.0
79,3fbd6a30-1e1a-11ed-94df-005056921581,ad7e6027-00b8-4c27-918c-d1561f949ad8,"['CCC(C(OC)=O)CC', 'CCCC(C)CCC', 'CCCCC']",12875.0
80,3feb603e-0f38-11ed-9900-005056921581,ad7e6027-00b8-4c27-918c-d1561f949ad8,"['CC/C=C/CC(C1=CC=CC=C1)CC', 'CCC(C(OC)=O)CC', 'CCC(C)CCCC', 'CCCCC']",37605.0
81,40146fb6-7250-11ee-82d1-005056921581,ad7e6027-00b8-4c27-918c-d1561f949ad8,"['CCC(C(OC)=O)CC', 'CCCC(C)CCC', 'CCCCC(C)C']",29610.0
82,4140fa2e-1a5a-11ee-9b11-005056921581,ad7e6027-00b8-4c27-918c-d1561f949ad8,"['CC(C)(C)CC(C)(C)C', 'CCC(C(OC)=O)CC', 'CCCC(C)CCC', 'CCCCC', 'CCCCC(C)C']",168650.0
83,425eb6da-98b9-11ed-8fc0-005056921581,ad7e6027-00b8-4c27-918c-d1561f949ad8,"['CCC(C(OC)=O)CC', 'CCCC(C)CCC', 'CCCCC', 'COC(C(CCC)(CCCC)CCC)=O']",17850.0
84,42d006e8-8332-11ec-83a1-005056921581,ad7e6027-00b8-4c27-918c-d1561f949ad8,"['CCC(C)CCCC', 'CCCC(C)CCC']",12340.0
85,4450bae6-802e-11ec-83a1-005056921581,ad7e6027-00b8-4c27-918c-d1561f949ad8,"['CCC(C)CCCC', 'CCCC(C)CCC']",12725.0
86,445c6362-1fb3-11ed-9457-005056921581,ad7e6027-00b8-4c27-918c-d1561f949ad8,"['CCCC(C)CCC', 'CCCCC']",12890.0
87,446da20e-993e-11ec-9673-005056921581,ad7e6027-00b8-4c27-918c-d1561f949ad8,"['CCCCC(C(OCC)=O)C(OCC)=O', 'CCCCCCCCC(C(C(C)C)CCCCCC)CC(C(C)C)CCCCC', 'O=C(CC)OCCCCCOC']",26690.0
88,44a3a6f4-0e79-11ee-8cc3-005056921581,ad7e6027-00b8-4c27-918c-d1561f949ad8,"['CC(C)(C)CC(C)(C)C', 'CC(C)CCCCC', 'CCC(C(OC)=O)CC', 'CCCC(C)CCC', 'CCCCC', 'CCCCC(C)C']",123750.0
89,451cb9f2-a788-11ed-992a-005056921581,ad7e6027-00b8-4c27-918c-d1561f949ad8,"['CC(C)(C)CC(C)(C)C', 'CC(C)CCCCC', 'CCC(C(OC)=O)CC', 'CCCC(C)CCC', 'CCCCC', 'CCCCC(C)C']",117000.0
90,45f1e44a-9410-11ee-8abf-005056921581,ad7e6027-00b8-4c27-918c-d1561f949ad8,"['CCC(C(OC)=O)CC', 'CCCC(C)CCC', 'CCCCC(C)C', 'CCCCCCC']",12510.0
91,46b4fc7e-7fee-11ec-83a1-005056921581,ad7e6027-00b8-4c27-918c-d1561f949ad8,"['CCCCC(C(OCC)=O)C(OCC)=O', 'CCCCC(C)C', 'CCCCCCCCC(C(C(C)C)CCCCCC)CC(C(C)C)CCCCC']",28325.0
92,479b34c4-a615-11ee-9529-005056921581,ad7e6027-00b8-4c27-918c-d1561f949ad8,"['CC(C)(C)CC(C)(C)C', 'CCC(C(OC)=O)CC', 'CCCC(C)CCC', 'CCCCC', 'CCCCC(C)C']",145200.0
93,489fd34a-2c47-11ee-987e-005056921581,ad7e6027-00b8-4c27-918c-d1561f949ad8,"['CCCC(C)CCC', 'CCCCCCC']",7678.0
94,49743a76-a614-11ee-9529-005056921581,ad7e6027-00b8-4c27-918c-d1561f949ad8,"['CC(C)(C)CC(C)(C)C', 'CCC(C(OC)=O)CC', 'CCCC(C)CCC', 'CCCCC', 'CCCCC(C)C']",103300.0
95,49939d56-3e5c-11ed-8783-005056921581,ad7e6027-00b8-4c27-918c-d1561f949ad8,"['CCC(C(OC)=O)CC', 'CCCC(C)CCC', 'CCCCC', 'CCCCC(C)C']",97300.0
96,49f9770e-5e3b-11ec-803b-005056921581,ad7e6027-00b8-4c27-918c-d1561f949ad8,"['CCC(C)(C)CC', 'CCC(C)CCCC', 'O=C(CC)OCCCCCOC']",34500.0
97,4a5c9ca8-59da-11ed-89c9-005056921581,ad7e6027-00b8-4c27-918c-d1561f949ad8,"['CC(C)CCCCC', 'CCC(C(OC)=O)CC', 'CCC(C)(C)CC', 'CCCC(C)CCC', 'CCCCCCC']",15975.0
98,4b1e0708-c7bc-11ed-9659-005056921581,ad7e6027-00b8-4c27-918c-d1561f949ad8,"['CC(C)(C)CC(C)(C)C', 'CC(C)CCCCC', 'CCC(C(OC)=O)CC', 'CCCC(C)CCC', 'CCCCC', 'CCCCC(C)C']",131700.0
99,4bb0ec42-0e73-11ed-8e9d-005056921581,ad7e6027-00b8-4c27-918c-d1561f949ad8,"['CCC(C)(C)CC', 'CCCC(C)CCC', 'COC(C(C)(CC)C)=O']",44290.0
100,4ce12fe0-9d85-11ed-9fac-005056921581,ad7e6027-00b8-4c27-918c-d1561f949ad8,"['CC(C)(C)CC(C)(C)C', 'CC(C)CCCCC', 'CCC(C(OC)=O)CC', 'CCCC(C)CCC', 'CCCCC', 'CCCCC(C)C']",91460.0
101,4cea0804-76ed-11ed-8822-005056921581,ad7e6027-00b8-4c27-918c-d1561f949ad8,"['CC(C)(CC(C)C1=CC=CC=C1)C(OC)=O', 'CCC(C(OC)=O)CC', 'CCC(C)CCCC']",8607.0
102,4d33de30-09e0-11ee-8bcd-005056921581,ad7e6027-00b8-4c27-918c-d1561f949ad8,"['CC(C)(C)CC(C)(C)C', 'CC(C)CCCCC', 'CCC(C(OC)=O)CC', 'CCCC(C)CCC', 'CCCCC', 'CCCCC(C)C']",107750.0
103,4df6f2e6-c7c6-11ed-9659-005056921581,ad7e6027-00b8-4c27-918c-d1561f949ad8,"['CC(C)CCCCC', 'CCCC(C)CCC']",141850.0
104,4f54e0e0-13cf-11ed-94cf-005056921581,ad7e6027-00b8-4c27-918c-d1561f949ad8,"['CCC(C(OC)=O)CC', 'CCC(C)(C)CC', 'CCC(C)CCCC', 'CCCC(C)CCC', 'COC(C(C)(CC)C)=O']",18725.0
105,50ae6644-b260-11ec-8ff7-005056921581,ad7e6027-00b8-4c27-918c-d1561f949ad8,"['CCC(C)CCCC', 'CCCC(C)CCC', 'CCCCC', 'CCCCC(C)C', 'O=C(OC)C(C)(C)CC']",134100.0
106,51515564-43ad-11ed-8303-005056921581,ad7e6027-00b8-4c27-918c-d1561f949ad8,"['CCC(C(OC)=O)CC', 'CCCC(C)CCC', 'CCCCC']",18520.0
107,5204ed5c-cc71-11ed-9984-005056921581,ad7e6027-00b8-4c27-918c-d1561f949ad8,"['CC(C)CCCCC', 'CCCC(C)CCC']",134750.0
108,520a8cd4-d47d-11ee-81cf-005056921581,ad7e6027-00b8-4c27-918c-d1561f949ad8,"['CC(C)(C)CC(C)(C)C', 'CC(C)(CC(C)C1=CC=CC=C1)C(OC)=O', 'CCC(C(OC)=O)CC', 'CCCCCCC']",19200.0
109,524442e2-0cd5-11ed-87b0-005056921581,ad7e6027-00b8-4c27-918c-d1561f949ad8,"['CC/C=C/CC(C1=CC=CC=C1)CC', 'CCCC(C)CCC']",464600.0
110,52cc326e-9638-11ed-8975-005056921581,ad7e6027-00b8-4c27-918c-d1561f949ad8,"['CC(C)(C)CC(C)(C)C', 'CCCCC']",16285.0
111,53716c98-3b38-11ee-80a6-005056921581,ad7e6027-00b8-4c27-918c-d1561f949ad8,"['CCCC(C)CCC', 'CCCCCCC']",9698.0
112,5508efd4-74b5-11ee-9219-005056921581,ad7e6027-00b8-4c27-918c-d1561f949ad8,"['CCC(C(OC)=O)CC', 'CCCC(C)CCC', 'CCCCC(C)C']",19825.0
113,56d596b4-543b-11ed-993d-005056921581,ad7e6027-00b8-4c27-918c-d1561f949ad8,"['CCC(C(OC)=O)CC', 'CCCC(C)CCC', 'CCCCC(C)C']",75960.0
114,58e62d54-c6fc-11ed-863f-005056921581,ad7e6027-00b8-4c27-918c-d1561f949ad8,"['CC(C)CCCCC', 'CCC(C(OC)=O)CC', 'CCCC(C)CCC']",161250.0
115,58e74e6e-5f37-11ed-855c-005056921581,ad7e6027-00b8-4c27-918c-d1561f949ad8,"['CCC(C(OC)=O)CC', 'CCC(C)(C)CC', 'CCCC(C)CCC', 'CCCCC(C)C', 'CCCCCCCCN(C1=CC=CC=C1)C2=CC=CC=C2CCCC']",106300.0
116,5b7e51f2-795f-11ee-9355-005056921581,ad7e6027-00b8-4c27-918c-d1561f949ad8,"['CC(C)(C)CC(C)(C)C', 'CCC(C(OC)=O)CC', 'CCC(C)(C)CC', 'CCCCC(C)C']",74465.0
117,5b83373e-a788-11ed-992a-005056921581,ad7e6027-00b8-4c27-918c-d1561f949ad8,"['CC(C)(C)CC(C)(C)C', 'CC(C)CCCCC', 'CCC(C(OC)=O)CC', 'CCCC(C)CCC', 'CCCCC', 'CCCCC(C)C']",131900.0
118,5ca7ab54-3135-11ee-9f2d-005056921581,ad7e6027-00b8-4c27-918c-d1561f949ad8,"['CC(C)(C)CC(C)(C)C', 'CC(C)CCCCC', 'CCC(C(OC)=O)CC', 'CCCCC', 'O=C(OCCCCCCCCCCC)C(CC)C']",25475.0
119,5caaa5ae-0e79-11ee-8cc3-005056921581,ad7e6027-00b8-4c27-918c-d1561f949ad8,"['CC(C)(C)CC(C)(C)C', 'CC(C)CCCCC', 'CCC(C(OC)=O)CC', 'CCCC(C)CCC', 'CCCCC', 'CCCCC(C)C']",94715.0
120,5e5ae64c-4887-11ed-8f1b-005056921581,ad7e6027-00b8-4c27-918c-d1561f949ad8,"['CCC(C(OC)=O)CC', 'CCC(C)(C)CC', 'CCC(C)CCCC', 'CCCCC']",43140.0
121,5fdc1966-4dee-11ed-9a6d-005056921581,ad7e6027-00b8-4c27-918c-d1561f949ad8,"['CCC(C(OC)=O)CC', 'CCC(C)CCCC', 'CCCCC(C)C']",109000.0
122,6096a262-a06f-11ed-9f24-005056921581,ad7e6027-00b8-4c27-918c-d1561f949ad8,"['CC(C)CCCCC', 'CCC(C(OC)=O)CC', 'CCCC(C)CCC', 'CCCCC(C)C']",74975.0
123,60e6537e-c73e-11ee-99e2-005056921581,ad7e6027-00b8-4c27-918c-d1561f949ad8,"['CC(C)CCCC', 'CCCC(C)CCC', 'CCCCC']",46330.0
124,62c8438e-bc99-11ec-9ebf-005056921581,ad7e6027-00b8-4c27-918c-d1561f949ad8,"['CCC(C(OC)=O)CC', 'CCC(C)CCCC', 'CCCC(C)CCC', 'CCCCC', 'CCCCC(C)C']",127350.0
125,62ca7eda-a788-11ed-992a-005056921581,ad7e6027-00b8-4c27-918c-d1561f949ad8,"['CC(C)(C)CC(C)(C)C', 'CC(C)CCCCC', 'CCC(C(OC)=O)CC', 'CCCC(C)CCC', 'CCCCC', 'CCCCC(C)C']",128000.0
126,63ac5568-3351-11ed-9685-005056921581,ad7e6027-00b8-4c27-918c-d1561f949ad8,"['CCCC(C)CCC', 'CCCCC', 'COC(C(C)(CC)C)=O']",12655.0
127,63b5dcb2-4dfc-11ed-9a6d-005056921581,ad7e6027-00b8-4c27-918c-d1561f949ad8,"['CC(C)CCCCC', 'CCC(C(OC)=O)(CC(C1=CC=CC=C1)CCC)C', 'CCCCCCC', 'O=C(OC)C(C)(C)CC']",4402.0
128,6504b86e-066b-11ed-9716-005056921581,ad7e6027-00b8-4c27-918c-d1561f949ad8,"['CCCC(C)CCC', 'CCCCC', 'CCCCC(C)C', 'O=C(OC)C(C)(CCC)C']",149500.0
129,65074114-a6d5-11ed-9153-005056921581,ad7e6027-00b8-4c27-918c-d1561f949ad8,"['CC(C)CCCCC', 'CCC(C(OC)=O)CC', 'CCCC(C)CCC']",125000.0
130,662b1f42-4df9-11ec-9cfe-005056921581,ad7e6027-00b8-4c27-918c-d1561f949ad8,"['CCC(C)CCCC', 'CCCC(C)CCC']",9364.0
131,66705f4a-2ab5-11ee-8be1-005056921581,ad7e6027-00b8-4c27-918c-d1561f949ad8,['CCCC(C)CCC'],10800.0
132,67172f6e-c70f-11ed-863f-005056921581,ad7e6027-00b8-4c27-918c-d1561f949ad8,"['CC(C)CCCCC', 'CCC(C(OC)=O)CC', 'CCCC(C)CCC', 'CCCCC', 'O=C(OCCCCCCCCCCC)C(CC)C']",40515.0
133,67fbcc6a-a788-11ed-992a-005056921581,ad7e6027-00b8-4c27-918c-d1561f949ad8,"['CC(C)(C)CC(C)(C)C', 'CC(C)CCCCC', 'CCC(C(OC)=O)CC', 'CCCC(C)CCC', 'CCCCC', 'CCCCC(C)C']",123600.0
134,6822ef3c-d773-11ed-8145-005056921581,ad7e6027-00b8-4c27-918c-d1561f949ad8,"['CC(C)CCCCC', 'CCC(C(OC)=O)CC', 'CCCC(C)CCC', 'CCCCC(C)C']",
135,68515fd2-9634-11ed-8975-005056921581,ad7e6027-00b8-4c27-918c-d1561f949ad8,"['CCCC(C)CCC', 'CCCCCCC']",9180.0
136,69260bac-7323-11ee-8b1f-005056921581,ad7e6027-00b8-4c27-918c-d1561f949ad8,"['CC(C(OCCCC)=O)C(OCCCC)=O', 'CCCCC(C)C', 'CCCCCCCCC(CCCCCC)CC(C)CCCCCCCC']",82400.0
137,69ad76b6-58f6-11ed-8a7d-005056921581,ad7e6027-00b8-4c27-918c-d1561f949ad8,"['CCC(C(OC)=O)CC', 'CCCC(C)CCC', 'CCCCC', 'O=C(CC(CC(OCCCCCCCCCCCCCCCCCCC)=O)C)OCC']",14895.0
138,6babd070-4bf3-11ee-9c35-005056921581,ad7e6027-00b8-4c27-918c-d1561f949ad8,"['CC(C(OCCCC)=O)C(OCCCC)=O', 'CCCCCCCCC(CCCCCC)CC(C)CCCCCCCC']",189150.0
139,6c40f04c-76ec-11ed-8822-005056921581,ad7e6027-00b8-4c27-918c-d1561f949ad8,"['CC(C)(CC(C)C1=CC=CC=C1)C(OC)=O', 'CCC(C(OC)=O)CC', 'CCC(C)CCCC']",12645.0
140,6cfb8b3c-13c8-11ed-94cf-005056921581,ad7e6027-00b8-4c27-918c-d1561f949ad8,"['CCC(C(OC)=O)CC', 'CCC(C)(C)CC', 'CCC(C)CCCC', 'CCCC(C)CCC', 'COC(C(C)(CC)C)=O']",16395.0
141,6d077f30-9d77-11ed-9fac-005056921581,ad7e6027-00b8-4c27-918c-d1561f949ad8,"['CC(C)CCCCC', 'CCC(C(OC)=O)CC', 'CCCC(C)CCC', 'CCCCC(C)C']",72465.0
142,6d554e0a-119e-11ed-9048-005056921581,ad7e6027-00b8-4c27-918c-d1561f949ad8,"['CCC(C(OC)=O)CC', 'CCCC(C)CCC', 'CCCCC']",19145.0
143,6da251ec-98c9-11ee-9bd7-005056921581,ad7e6027-00b8-4c27-918c-d1561f949ad8,"['CC(C)(C)CC(C)(C)C', 'CC(C)(CC(C)C1=CC=CC=C1)C(OC)=O', 'CCC(C(OC)=O)CC', 'CCC(C)(C)CC', 'CCC(C)CCC', 'CCCC(C)CCC']",12265.0
144,6df82e8e-2abd-11ee-8be1-005056921581,ad7e6027-00b8-4c27-918c-d1561f949ad8,"['CC(C)(C)CC(C)(C)C', 'CC(CCC1=CC=C(C(C)(C)C)C=C1)C2=CC=C(C(C)(C)C)C=C2', 'CCCC(C)CCC', 'CCCCC', 'CCCCC(C)C']",141600.0
145,6f961a92-d1f0-11ed-929c-005056921581,ad7e6027-00b8-4c27-918c-d1561f949ad8,"['CC(C)CCCCC', 'CCC(C(OC)=O)CC', 'CCCC(C)CCC', 'CCCCC', 'O=C(OCCCCCCCCCCC)C(CC)C']",35880.0
146,70215fd8-0e79-11ee-8cc3-005056921581,ad7e6027-00b8-4c27-918c-d1561f949ad8,"['CC(C)(C)CC(C)(C)C', 'CC(C)CCCCC', 'CCC(C(OC)=O)CC', 'CCCC(C)CCC', 'CCCCC', 'CCCCC(C)C']",127050.0
147,7242eb32-81f8-11ed-9fa7-005056921581,ad7e6027-00b8-4c27-918c-d1561f949ad8,"['CC(C)CCCCC', 'CCCCCCCCC(CCCCC)CCCCCC', 'O=C(OC)C(C)(C)CC']",20310.0
148,725a41d4-3350-11ed-9685-005056921581,ad7e6027-00b8-4c27-918c-d1561f949ad8,"['CCC(C(OC)=O)CC', 'CCC(C)(C)CC', 'CCC(C)CCCC', 'COC(C(C)(CC)C)=O']",22005.0
149,72f74ce4-9090-11ec-83a1-005056921581,ad7e6027-00b8-4c27-918c-d1561f949ad8,"['CCC(C)CCCC', 'CCCCC(C(OCC)=O)C(OCC)=O', 'CCCCC(C)C', 'CCCCCCCCC(C(C(C)C)CCCCCC)CC(C(C)C)CCCCC']",29100.0
150,735ba244-c720-11ed-863f-005056921581,ad7e6027-00b8-4c27-918c-d1561f949ad8,"['CC(C)(C)CC(C)(C)C', 'CC(C)CCCCC', 'CCC(C(OC)=O)CC', 'CCCC(C)CCC', 'CCCCC', 'CCCCC(C)C']",131750.0
151,7425ca88-60c8-11ed-82a1-005056921581,ad7e6027-00b8-4c27-918c-d1561f949ad8,"['CC(C)CCCCC', 'CCCCCCC', 'CCCCCCCCC(CCCCC)CCCCCC', 'O=C(OC)C(C)(C)CC', 'O=C(OCCCCCCCCCCC)C(CC)C']",1472.0
152,74d1e252-4546-11ed-95be-005056921581,ad7e6027-00b8-4c27-918c-d1561f949ad8,"['CCC(C(OC)=O)CC', 'CCCC(C)CCC', 'CCCCC']",23060.0
153,74f34794-552c-11ed-890d-005056921581,ad7e6027-00b8-4c27-918c-d1561f949ad8,"['CC(C)CCCCC', 'CCCCC(C)C', 'CCCCCCC', 'O=C(OC)C(C)(C)CC']",3711.0
154,751b8e50-d922-11ed-8ff0-005056921581,ad7e6027-00b8-4c27-918c-d1561f949ad8,"['CC(C(OCCCC)=O)C(OCCCC)=O', 'CCCCCCC(C(C)CCCCCCC)CC(C)CCCCCC']",10790.0
155,759b4770-a614-11ee-9529-005056921581,ad7e6027-00b8-4c27-918c-d1561f949ad8,"['CC(C)(C)CC(C)(C)C', 'CCC(C(OC)=O)CC', 'CCCC(C)CCC', 'CCCCC', 'CCCCC(C)C']",109800.0
156,75df609e-1fce-11ee-8a17-005056921581,ad7e6027-00b8-4c27-918c-d1561f949ad8,"['CCCC(C)CCC', 'CCCCC(C)C']",87330.0
157,76064f6a-63dc-11ec-8eb2-005056921581,ad7e6027-00b8-4c27-918c-d1561f949ad8,"['CCC(C)CCCC', 'CCCCC', 'CCCCC(C)C', 'O=C(OCCCCCCCCCC)CCCCCC1=CC=CC=C1']",167200.0
158,76dc25ae-0f43-11ee-9c71-005056921581,ad7e6027-00b8-4c27-918c-d1561f949ad8,"['CC(C)(C)C(OC)=O', 'CC(C)CCCCC', 'CCCC(C)CCC', 'CCCCC(C)C', 'CCCCCCC(C(C)CCCCCCC)CC(C)CCCCCC']",10875.0
159,76f1aa9a-09e0-11ee-8bcd-005056921581,ad7e6027-00b8-4c27-918c-d1561f949ad8,"['CC(C)(C)CC(C)(C)C', 'CC(C)CCCCC', 'CCC(C(OC)=O)CC', 'CCCC(C)CCC', 'CCCCC', 'CCCCC(C)C']",108200.0
160,77671ffa-3fec-11ed-8432-005056921581,ad7e6027-00b8-4c27-918c-d1561f949ad8,"['CC(C)(C)C(C)C(CC)C', 'CCC(C(OC)=O)CC', 'CCCC(C)CCC', 'CCCCC(C)C']",28700.0
161,77a82e46-0e6e-11ed-8e9d-005056921581,ad7e6027-00b8-4c27-918c-d1561f949ad8,"['CC/C=C/CC(C1=CC=CC=C1)CC', 'CCC(C)(C)CC', 'CCC(C)CCCC', 'CCCCC']",52990.0
162,7850d65e-0f30-11ee-9c71-005056921581,ad7e6027-00b8-4c27-918c-d1561f949ad8,"['CC(C(OCCCC)=O)C(OCCCC)=O', 'CCCCCCCCC(CCCCCC)CC(C)CCCCCCCC', 'O=S(C1=CC=C(CCCCCCCCCCCCCCCCCCC)C=C1)(O)=O']",10995.0
163,78e88e28-e0c3-11ec-95ab-005056921581,ad7e6027-00b8-4c27-918c-d1561f949ad8,"['CC(C)CCCCC', 'CCC(C(OC)=O)CC', 'CCC(C)CCCC', 'CCCC(C)CCC', 'CCCCC', 'CCCCC(C)C']",111850.0
164,7c66d05c-4ee9-11ed-8ba0-005056921581,ad7e6027-00b8-4c27-918c-d1561f949ad8,"['CC(C)CCCCC', 'CCCCC(C)C', 'CCCCCCC', 'O=C(OC)C(C)(C)CC']",6147.0
165,7d9e6a92-4b89-11ed-9952-005056921581,ad7e6027-00b8-4c27-918c-d1561f949ad8,"['CCC(C(OC)=O)CC', 'CCC(C)CCCC', 'CCCCC(C)C']",96855.0
166,7dd18f3e-85dc-11ed-8bea-005056921581,ad7e6027-00b8-4c27-918c-d1561f949ad8,"['CCC(C)(C)CC', 'CCC(C)CCCC', 'CCCCC(C)C', 'O=C(OC)C(C)(CCC)C']",79350.0
167,7de67266-b4ac-11ec-8ff7-005056921581,ad7e6027-00b8-4c27-918c-d1561f949ad8,"['CCC(C)(CCC(C)(CCC(C)(C)C)C)C', 'CCC(C)CCCC', 'O=C(OCCCCCCCCCC)CCCCCC1=CC=CC=C1']",143950.0
168,7e24f938-8eb1-11ee-8345-005056921581,ad7e6027-00b8-4c27-918c-d1561f949ad8,"['CC(C)(C)CC(C)(C)C', 'CCC(C(OC)=O)CC', 'CCCC(C)CCC', 'CCCCC', 'CCCCC(C)C']",111900.0
169,7ea56ca8-c323-11ed-9f4e-005056921581,ad7e6027-00b8-4c27-918c-d1561f949ad8,"['CC(C)(C)CC(C)(C)C', 'CC(C)CCCCC', 'CCC(C(OC)=O)CC', 'CCCC(C)CCC', 'CCCCC', 'CCCCC(C)C']",136400.0
170,7f24f740-850a-11ed-9343-005056921581,ad7e6027-00b8-4c27-918c-d1561f949ad8,"['CC(C)CCCCC', 'CCCCCCCCC(CCCCC)CCCCCC', 'O=C(OC)C(C)(C)CC']",2815.0
171,7f5ebbbc-d832-11ed-9c4c-005056921581,ad7e6027-00b8-4c27-918c-d1561f949ad8,['CCCC(C)CCC'],13010.0
172,7fd5de08-4639-11ed-8278-005056921581,ad7e6027-00b8-4c27-918c-d1561f949ad8,"['CCC(C(OC)=O)CC', 'CCC(C)CCCC', 'CCCCC(C)C']",93125.0
173,808cb8ae-74aa-11ed-8467-005056921581,ad7e6027-00b8-4c27-918c-d1561f949ad8,"['CCC(C)(C)CC', 'CCC(C)CCCC', 'CCCCC(C)C', 'O=C(OC)C(C)(CCC)C']",74250.0
174,8170f920-5f37-11ed-855c-005056921581,ad7e6027-00b8-4c27-918c-d1561f949ad8,"['CCC(C(OC)=O)CC', 'CCC(C)(C)CC', 'CCCC(C)CCC', 'CCCCC(C)C', 'COP1(S[Zn]2(SP(OC)(OC)S2)S1)OC']",115800.0
175,81d5c538-c97d-11ee-95e1-005056921581,ad7e6027-00b8-4c27-918c-d1561f949ad8,"['CC(C)(C)CC(C)(C)C', 'CC(C)(CC(C)C1=CC=CC=C1)C(OC)=O', 'CCC(C(OC)=O)CC', 'CCC(C)CCC']",17200.0
176,8247f70a-b982-11ec-824f-005056921581,ad7e6027-00b8-4c27-918c-d1561f949ad8,"['CCC(C(OC)=O)CC', 'CCC(C)CCCC', 'CCCC(C)CCC', 'CCCCC', 'CCCCC(C)C']",119200.0
177,8248177e-dcec-11ed-803e-005056921581,ad7e6027-00b8-4c27-918c-d1561f949ad8,"['CC(C(OCCCC)=O)C(OCCCC)=O', 'CCCCCCC(C(C)CCCCCCC)CC(C)CCCCCC', 'CCCCCCC(CCCCCCCC)CCCCCCCC']",11630.0
178,824e8c36-1c8e-11ed-8b6a-005056921581,ad7e6027-00b8-4c27-918c-d1561f949ad8,"['CCCC(C)CCC', 'CCCCC']",16800.0
179,83bf60fa-e424-11ed-9764-005056921581,ad7e6027-00b8-4c27-918c-d1561f949ad8,"['CC(C)(C)CC(C)(C)C', 'CC(C)CCCCC', 'O=C(OCCCCCCCCCCC)C(CC)C']",40200.0
180,83fe2f9c-4ded-11ed-9a6d-005056921581,ad7e6027-00b8-4c27-918c-d1561f949ad8,"['CC(C)CCCCC', 'CCC(C(OC)=O)(CC(C1=CC=CC=C1)CCC)C', 'CCCCCCC', 'O=C(OC)C(C)(C)CC']",2031.0
181,84bda94a-74b5-11ee-9219-005056921581,ad7e6027-00b8-4c27-918c-d1561f949ad8,"['CCC(C(OC)=O)CC', 'CCCC(C)CCC', 'CCCCC(C)C']",21480.0
182,854481d4-b640-11ec-8ff7-005056921581,ad7e6027-00b8-4c27-918c-d1561f949ad8,"['CC(C)(C)C(OC)=O', 'CCC(C)CCCC', 'CCCC(C)CCC', 'CCCCC', 'CCCCC(C)C']",161300.0
183,85d89156-9bb6-11ed-8228-005056921581,ad7e6027-00b8-4c27-918c-d1561f949ad8,['CCCC(C)CCC'],8674.0
184,867c3bb0-a9dd-11ec-9d4e-005056921581,ad7e6027-00b8-4c27-918c-d1561f949ad8,"['CCC(C)CCCC', 'CCCC(C)CCC', 'CCCCC', 'CCCCC(C)C']",385200.0
185,875d5aa8-4dea-11ed-9a6d-005056921581,ad7e6027-00b8-4c27-918c-d1561f949ad8,"['CCC(C(OC)=O)CC', 'CCC(C)(C)CC', 'CCCC(C)CCC']",239500.0
186,87ad1916-c590-11ee-8071-005056921581,ad7e6027-00b8-4c27-918c-d1561f949ad8,"['CC(C)(C)CC(C)(C)C', 'CCC(C(OC)=O)CC', 'CCCC(C)CCC', 'CCCCC', 'CCCCC(C)C']",80820.0
187,886129e0-9d75-11ed-9fac-005056921581,ad7e6027-00b8-4c27-918c-d1561f949ad8,"['CC(C)CCCCC', 'CCC(C(OC)=O)CC', 'CCCC(C)CCC', 'CCCCC(C)C']",73335.0
188,8a086222-0cde-11ed-87b0-005056921581,ad7e6027-00b8-4c27-918c-d1561f949ad8,"['CC/C=C/CC(C1=CC=CC=C1)CC', 'CCCC(C)CCC', 'CCCCC']",47850.0
189,8a266964-545c-11ed-993d-005056921581,ad7e6027-00b8-4c27-918c-d1561f949ad8,"['CC(C)CCCCC', 'CCC(C(OC)=O)CC', 'CCC(C)(C)CC', 'CCC(C)CCCC', 'CCCC(C)CCC']",16895.0
190,8ccacaa0-2221-11ee-97a6-005056921581,ad7e6027-00b8-4c27-918c-d1561f949ad8,"['CCCC(C)CCC', 'CCCCC(C)C']",100000.0
191,8d12156a-487c-11ed-8f1b-005056921581,ad7e6027-00b8-4c27-918c-d1561f949ad8,"['CCC(C(OC)=O)CC', 'CCCC(C)CCC', 'CCCCC']",20325.0
192,8d5a5f02-18af-11ed-98cd-005056921581,ad7e6027-00b8-4c27-918c-d1561f949ad8,"['CCC(C)(C)CC', 'CCC(C)CCCC', 'CCCCC(C)C', 'O=C(OC)C(C)(CCC)C']",66240.0
193,8eb5c4a6-a8e6-11ec-9d4e-005056921581,ad7e6027-00b8-4c27-918c-d1561f949ad8,"['CC(C)(C)C(OC)=O', 'CCC(C)CCCC', 'CCCC(C)CCC', 'CCCCC', 'CCCCC(C)C']",235650.0
194,8fff8c66-ddc9-11ed-8992-005056921581,ad7e6027-00b8-4c27-918c-d1561f949ad8,"['CC(C)(C)CC(C)(C)C', 'CC(C)CCCCC', 'O=C(OCCCCCCCCCCC)C(CC)C']",26440.0
195,9042fe28-0f2f-11ee-9c71-005056921581,ad7e6027-00b8-4c27-918c-d1561f949ad8,"['CC(C(OCCCC)=O)C(OCCCC)=O', 'CCCCCCCCC(CCCCCC)CC(C)CCCCCCCC']",8597.0
196,90ce2756-53fa-11ec-92cf-005056921581,ad7e6027-00b8-4c27-918c-d1561f949ad8,"['CCC(C)CCCC', 'CCCCCCCCC(C(C)CCCCCC)CC(C)CCCCC', 'COC(C(C)(CC)C)=O']",29200.0
197,9344ed20-2177-11ee-97a6-005056921581,ad7e6027-00b8-4c27-918c-d1561f949ad8,"['CC(C)(C)CC(C)(C)C', 'CC(C)CCCCC', 'CCC(C)(C)CC', 'CCCCC(C)C', 'O=C(OC)C(C)(CCC)C']",90075.0
198,94d31e5a-d46f-11ed-9883-005056921581,ad7e6027-00b8-4c27-918c-d1561f949ad8,"['CCC(C)(C)CC', 'CCCC(C)CCC']",10562.0
199,94e259e8-c590-11ee-8071-005056921581,ad7e6027-00b8-4c27-918c-d1561f949ad8,"['CC(C)(C)CC(C)(C)C', 'CCC(C(OC)=O)CC', 'CCCC(C)CCC', 'CCCCC', 'CCCCC(C)C']",90530.0
200,951b79d0-81f8-11ed-9fa7-005056921581,ad7e6027-00b8-4c27-918c-d1561f949ad8,"['CC(C)CCCCC', 'CCCCCCC', 'CCCCCCCCC(CCCCC)CCCCCC', 'O=C(OC)C(C)(C)CC']",25910.0
201,95c626b8-b260-11ec-8ff7-005056921581,ad7e6027-00b8-4c27-918c-d1561f949ad8,"['CCC(C)CCCC', 'CCCC(C)CCC', 'CCCCC', 'CCCCC(C)C', 'O=C(OC)C(C)(C)CC']",151000.0
202,96ccc9bc-d538-11ed-9f86-005056921581,ad7e6027-00b8-4c27-918c-d1561f949ad8,"['CCC(C)CCC', 'CCCC(C)CCC']",7680.0
203,97fdfbae-368f-11ee-87a4-005056921581,ad7e6027-00b8-4c27-918c-d1561f949ad8,"['CC(C(OCCCC)=O)C(OCCCC)=O', 'CCCCCCCCC(CCCCCC)CC(C)CCCCCCCC']",138100.0
204,98d7eeda-381c-11ed-9a4d-005056921581,ad7e6027-00b8-4c27-918c-d1561f949ad8,"['CCC(C(OC)=O)CC', 'CCC(C)CCCC', 'CCCCC(C)C']",85875.0
205,9aba5c66-0f43-11ee-9c71-005056921581,ad7e6027-00b8-4c27-918c-d1561f949ad8,"['CC(C)(C)C(OC)=O', 'CC(C)CCCCC', 'CCCC(C)CCC', 'CCCCC(C)C']",14840.0
206,9b98b4dc-851f-11ee-9d2f-005056921581,ad7e6027-00b8-4c27-918c-d1561f949ad8,"['CCC(C(OC)=O)CC', 'CCCC(C)CCC', 'CCCCC(C)C', 'CCCCCCC']",10010.0
207,9bd22d12-c042-11ee-8fe1-005056921581,ad7e6027-00b8-4c27-918c-d1561f949ad8,"['CC(C(OCCCC)=O)C(OCCCC)=O', 'CCCCC(C)C', 'CCCCCCCCC(CCCCCC)CC(C)CCCCCCCC']",266400.0
208,9d2d54fa-d832-11ed-9c4c-005056921581,ad7e6027-00b8-4c27-918c-d1561f949ad8,['CCCC(C)CCC'],13010.0
209,a0fc215e-3267-11ed-8a15-005056921581,ad7e6027-00b8-4c27-918c-d1561f949ad8,"['CCC(C(OC)=O)CC', 'CCC(C)CC', 'CCC(C)CCCC', 'CCCCC', 'CCCCC(C)C']",143800.0
210,a1753376-c323-11ed-9f4e-005056921581,ad7e6027-00b8-4c27-918c-d1561f949ad8,"['CC(C)(C)CC(C)(C)C', 'CC(C)CCCCC', 'CCC(C(OC)=O)CC', 'CCCC(C)CCC', 'CCCCC', 'CCCCC(C)C']",138100.0
211,a1976ab4-2614-11ee-88f6-005056921581,ad7e6027-00b8-4c27-918c-d1561f949ad8,"['CCC(C(OC)=O)CC', 'CCCC(C)CCC', 'CCCCC(C)C']",81700.0
212,a1f2239c-8eaf-11ee-8345-005056921581,ad7e6027-00b8-4c27-918c-d1561f949ad8,"['CC(C)(C)CC(C)(C)C', 'CCC(C(OC)=O)CC', 'CCCC(C)CCC', 'CCCCC', 'CCCCC(C)C']",96630.0
213,a237fd80-bc93-11ec-9ebf-005056921581,ad7e6027-00b8-4c27-918c-d1561f949ad8,"['CCC(C(OC)=O)CC', 'CCC(C)CCCC', 'CCCC(C)CCC', 'CCCCC', 'CCCCC(C)C']",134550.0
214,a23bc75e-c16e-11ed-8ecc-005056921581,ad7e6027-00b8-4c27-918c-d1561f949ad8,"['CC(C)CCCCC', 'CCC(C(OC)=O)CC', 'CCCC(C)CCC', 'CCCCC(C)C']",110800.0
215,a29850d2-3feb-11ed-8432-005056921581,ad7e6027-00b8-4c27-918c-d1561f949ad8,"['CC(C)CCCCC', 'CCC(C(OC)=O)CC', 'CCC(C)CCCC', 'CCCC(C)CCC', 'CCCCC', 'CCCCC(C)C']",115700.0
216,a3223c04-0745-11ed-9115-005056921581,ad7e6027-00b8-4c27-918c-d1561f949ad8,"['CC/C=C/CC(C1=CC=CC=C1)CC', 'CCCC(C)CCC', 'CCCCC']",619500.0
217,a3409f28-5f38-11ed-855c-005056921581,ad7e6027-00b8-4c27-918c-d1561f949ad8,"['CCC(C(OC)=O)CC', 'CCC(C)(C)CC', 'CCCC(C)CCC', 'CCCCC(C)C', 'CCCCCCCCN(C1=CC=CC=C1)C2=CC=CC=C2CCCC', 'O=C1CC(B(C(C)(C)C)C(C)(C)C)C(N1CCNCCN2C(CC(B(C(C)(C)C)C(C)(C)C)C2=O)=O)=O', 'OC1=CC=C(CCCC)C=C1C(O[Ca]OC(C2=CC(CCCC)=CC=C2O)=O)=O']",126750.0
218,a4246106-687e-11ec-8eb2-005056921581,ad7e6027-00b8-4c27-918c-d1561f949ad8,"['CCC(C)CCCC', 'CCCCC', 'CCCCC(C)C', 'O=C(OCCCCCCCCCC)CCCCCC1=CC=CC=C1']",117300.0
219,a48a83a4-76ed-11ed-8822-005056921581,ad7e6027-00b8-4c27-918c-d1561f949ad8,"['CC(C)(CC(C)C1=CC=CC=C1)C(OC)=O', 'CCC(C(OC)=O)CC', 'CCCC(C)CCC', 'CCCCC']",20150.0
220,a4bee95c-2177-11ee-97a6-005056921581,ad7e6027-00b8-4c27-918c-d1561f949ad8,"['CC(C)(C)CC(C)(C)C', 'CC(C)CCCCC', 'CCC(C)(C)CC', 'CCCCC(C)C', 'O=C(OC)C(C)(CCC)C']",94900.0
221,a4e36c3e-c172-11ec-9ebf-005056921581,ad7e6027-00b8-4c27-918c-d1561f949ad8,"['CC/C=C/CC(C1=CC=CC=C1)CCCC(C2=CC=CC=C2)C/C=C/C', 'CC1CCCCC1C', 'CCC(C(OC)=O)CC', 'CCC(C)(C)CC', 'CCC(C)CCCC']",48125.0
222,a5188788-ca4a-11ee-94c1-005056921581,ad7e6027-00b8-4c27-918c-d1561f949ad8,"['CC(C(OCCCC)=O)C(OCCCC)=O', 'CCC(C(OC)=O)CC', 'CCCCC(C)C', 'CCCCCCCCC(CCCCCC)CC(C)CCCCCCCC']",94565.0
223,a52383b0-045a-11ee-9aec-005056921581,ad7e6027-00b8-4c27-918c-d1561f949ad8,"['CC(C)(C)CC(C)(C)C', 'CC(C)CCCCC', 'CCC(C(OC)=O)CC', 'CCCC(C)CCC', 'CCCCC', 'CCCCC(C)C']",133300.0
224,a5471efe-5f57-11ed-9217-005056921581,ad7e6027-00b8-4c27-918c-d1561f949ad8,"['CC(C)CCCCC', 'CCCCC(C)C', 'CCCCCCCCC(CCCCC)CCCCCC', 'O=C(OC)C(C)(C)CC']",2685.0
225,a602a89e-76eb-11ed-8822-005056921581,ad7e6027-00b8-4c27-918c-d1561f949ad8,"['CC(C)(CC(C)C1=CC=CC=C1)C(OC)=O', 'CCC(C(OC)=O)CC', 'CCC(C)CCCC']",10230.0
226,a71da2be-4871-11ec-9a69-005056921581,ad7e6027-00b8-4c27-918c-d1561f949ad8,"['CCC(C)CCCC', 'CCCC(C)CCC']",11810.0
227,ab5e76c2-6fb8-11ed-97f8-005056921581,ad7e6027-00b8-4c27-918c-d1561f949ad8,"['CC(C)CCCCC', 'CCC(CC(C)OCCCC)Cl', 'CCCCCCC', 'CCCCCCCCC(CCCCC)CCCCCC', 'O=C(OC)C(C)(C)CC']",2061.0
228,ac37cb5a-fe9a-11ec-8ee8-005056921581,ad7e6027-00b8-4c27-918c-d1561f949ad8,"['CCCC(C)CCC', 'CCCCCCCCC(CC(CCCCCC)CCCCCCC)CCCCCCCCC', 'O=C(OC)C(C)(CCC)C']",97700.0
229,acb5f03c-5a77-11ed-89c9-005056921581,ad7e6027-00b8-4c27-918c-d1561f949ad8,"['CCC(C(OC)=O)CC', 'CCCC(C)CCC', 'CCCCC']",18000.0
230,acb8f3da-a0a9-11ee-8a84-005056921581,ad7e6027-00b8-4c27-918c-d1561f949ad8,"['CC(C)(C)CC(C)(C)C', 'CC(C)(CC(C)C1=CC=CC=C1)C(OC)=O', 'CCC(C(OC)=O)CC', 'CCC(C)CCC', 'CCCC(C)CCC']",21580.0
231,ad4eaab8-cf09-11ee-9e5f-005056921581,ad7e6027-00b8-4c27-918c-d1561f949ad8,"['CC(C)CCCC', 'CCCC(C)CCC', 'CCCCC']",61500.0
232,ae830b02-5086-11ed-8429-005056921581,ad7e6027-00b8-4c27-918c-d1561f949ad8,"['CCC(C(OC)=O)CC', 'CCCC(C)CCC', 'CCCCCCC']",12915.0
233,b0a0604e-abab-11ed-8d81-005056921581,ad7e6027-00b8-4c27-918c-d1561f949ad8,"['CCC(C)(C)CC', 'CCC(C)CCCC', 'CCCCC(C)C', 'O=C(OC)C(C)(CCC)C']",86845.0
234,b0bbed02-a06e-11ed-9f24-005056921581,ad7e6027-00b8-4c27-918c-d1561f949ad8,"['CC(C)CCCCC', 'CCC(C(OC)=O)CC', 'CCCC(C)CCC', 'CCCCC(C)C']",84000.0
235,b0c0139c-34ed-11ed-8af2-005056921581,ad7e6027-00b8-4c27-918c-d1561f949ad8,"['CCC(C(OC)=O)CC', 'CCC(C)(C)CC', 'CCC(C)CCCC', 'CCCCC', 'COC(C(C)(CC)C)=O']",38340.0
236,b16c64d8-c418-11ee-97fb-005056921581,ad7e6027-00b8-4c27-918c-d1561f949ad8,"['CC(C)(C)CC(C)(C)C', 'CC(C)(CC(C)C1=CC=CC=C1)C(OC)=O', 'CCC(C(OC)=O)CC', 'CCC(C)CCC']",11205.0
237,b3320eda-c7c0-11ed-9659-005056921581,ad7e6027-00b8-4c27-918c-d1561f949ad8,['CCCC(C)CCC'],16460.0
238,b35ae502-3356-11ed-9685-005056921581,ad7e6027-00b8-4c27-918c-d1561f949ad8,"['CCC(C(OC)=O)CC', 'CCC(C)CC', 'CCC(C)CCCC', 'CCCCC', 'CCCCC(C)C']",113300.0
239,b44403d8-1d4c-11ed-934f-005056921581,ad7e6027-00b8-4c27-918c-d1561f949ad8,"['CCC(C(OC)=O)CC', 'CCCC(C)CCC', 'CCCCC']",17035.0
240,b62f4c86-c0cd-11ee-8fe1-005056921581,ad7e6027-00b8-4c27-918c-d1561f949ad8,"['CC(C)(C)CC(C)(C)C', 'CC(C)(CC(C)C1=CC=CC=C1)C(OC)=O', 'CC(C)CCCCC', 'CCC(C(OC)=O)CC', 'CCCCC']",30080.0
241,b6949c26-b5b7-11ec-8ff7-005056921581,ad7e6027-00b8-4c27-918c-d1561f949ad8,"['CC(C)(C)C(OC)=O', 'CCC(C)CCCC', 'CCCC(C)CCC', 'CCCCC', 'CCCCC(C)C']",174300.0
242,b6d34fba-853c-11ee-9d2f-005056921581,ad7e6027-00b8-4c27-918c-d1561f949ad8,"['CCC(C(OC)=O)CC', 'CCCC(C)CCC', 'CCCCCCC']",7507.0
243,b7751294-6fb9-11ed-97f8-005056921581,ad7e6027-00b8-4c27-918c-d1561f949ad8,"['CC(C(OCCCC)=O)C(OCCCC)=O', 'CC(C)CCCCC', 'CCC(CC(C)OCCCC)Cl', 'CCCCCCC', 'CCCCCCCCC(CCCCC)CCCCCC', 'O=C(OC)C(C)(C)CC']",1913.0
244,b7d7d6ce-292b-11ed-9be5-005056921581,ad7e6027-00b8-4c27-918c-d1561f949ad8,"['CCC(C(OC)=O)CC', 'CCC(C)CCCC', 'CCCCC', 'CCCCC(C)C']",71550.0
245,b8c62898-802e-11ec-83a1-005056921581,ad7e6027-00b8-4c27-918c-d1561f949ad8,"['CCC(C)CCCC', 'CCCC(C)CCC']",12615.0
246,b9312d7e-828e-11ed-9fa7-005056921581,ad7e6027-00b8-4c27-918c-d1561f949ad8,"['CCC(C(OC)=O)CC', 'CCCC(C)CCC', 'CCCCC', 'COC(C(CCC)(CCCC)CCC)=O']",15570.0
247,bad9d642-5062-11ee-98f7-005056921581,ad7e6027-00b8-4c27-918c-d1561f949ad8,"['CC1=CC2=NNN=C2C=C1.C(CO)N(CCO)CCO', 'CCCC(C)CCC', 'CCCCCCC', 'O=C(C1=CC=CC=C1)N2N=NC3=C2C=CC=C3']",9698.0
248,baf85236-543a-11ed-993d-005056921581,ad7e6027-00b8-4c27-918c-d1561f949ad8,"['CCC(C(OC)=O)CC', 'CCCC(C)CCC']",109000.0
249,bb277274-5f16-11ec-803b-005056921581,ad7e6027-00b8-4c27-918c-d1561f949ad8,"['CCC(C)CCCC', 'CCCCC', 'CCCCC(C)C', 'O=C(OCCCCCCCCCC)CCCCCC1=CC=CC=C1']",120250.0
250,bb3c499e-c6ca-11ec-9ebf-005056921581,ad7e6027-00b8-4c27-918c-d1561f949ad8,"['CC(C)CCCCC', 'CCC(C(OC)=O)CC', 'CCC(C)CCCC', 'CCCC(C)CCC', 'CCCCC', 'CCCCC(C)C']",100600.0
251,bb65c6ae-3b21-11ed-82cb-005056921581,ad7e6027-00b8-4c27-918c-d1561f949ad8,"['CCC(C(OC)=O)CC', 'CCC(C)CCCC', 'CCCCC(C)C']",93125.0
252,bbb99bd8-4497-11ed-8e3b-005056921581,ad7e6027-00b8-4c27-918c-d1561f949ad8,"['CCC(C(OC)=O)CC', 'CCCC(C)CCC', 'CCCCC']",
253,bc235106-2144-11ee-8516-005056921581,ad7e6027-00b8-4c27-918c-d1561f949ad8,"['CC(C)CCCCC', 'CC(CCC1=CC=C(C(C)(C)C)C=C1)C2=CC=C(C(C)(C)C)C=C2', 'CCCC(C)CCC', 'CCCCC(C)C']",107700.0
254,bc433150-fdff-11ed-8421-005056921581,ad7e6027-00b8-4c27-918c-d1561f949ad8,"['CC(C)(C)C(OC)=O', 'CC(C)CCCCC', 'CCCC(C)CCC', 'CCCCCCCCC(CCCCCC)CC(C)CCCCCCCC', 'O=C(OCCCCCCCCCCC)C(CC)C']",6306.0
255,bc72a9f6-b63b-11ec-8ff7-005056921581,ad7e6027-00b8-4c27-918c-d1561f949ad8,"['CCC(C)CCCC', 'CCCC(C)CCC', 'CCCCC', 'CCCCC(C)C', 'O=C(OCCCCCCCCCC)CCCCCC1=CC=CC=C1']",117900.0
256,bcdd722c-c679-11ee-9e1a-005056921581,ad7e6027-00b8-4c27-918c-d1561f949ad8,"['CC(C)(C)CC(C)(C)C', 'CCC(C(OC)=O)CC', 'CCC(CC(C)OCCCC)Cl', 'CCCC(C)CCC', 'CCCCC']",71475.0
257,bd560c64-83c1-11ee-9333-005056921581,ad7e6027-00b8-4c27-918c-d1561f949ad8,"['CC(C)CCCC', 'CCC(C(OC)=O)CC', 'CCCC(C)CCC', 'CCCCC']",16765.0
258,bda4fefa-13ce-11ed-94cf-005056921581,ad7e6027-00b8-4c27-918c-d1561f949ad8,"['CCC(C(OC)=O)CC', 'CCC(C)(C)CC', 'CCC(C)CCCC', 'CCCC(C)CCC', 'COC(C(C)(CC)C)=O']",16815.0
259,be6d58fc-a076-11ed-9f24-005056921581,ad7e6027-00b8-4c27-918c-d1561f949ad8,"['CC(C)(CC(C)C1=CC=CC=C1)C(OC)=O', 'CCC(C(OC)=O)CC', 'CCCC(C)CCC', 'CCCCC']",13800.0
260,bebb9412-0f40-11ed-9900-005056921581,ad7e6027-00b8-4c27-918c-d1561f949ad8,"['CCC(C)(C)CC', 'CCCC(C)CCC', 'COC(C(C)(CC)C)=O']",19240.0
261,bf71ab8a-6bed-11ed-87f9-005056921581,ad7e6027-00b8-4c27-918c-d1561f949ad8,"['CC(C)CCCCC', 'CCCC/C=C\\C(CCCCCCC)=C\\C(CCCCC)C', 'CCCCCCC', 'CCCCCCCCC(CCCCC)CCCCCC', 'O=C(OC)C(C)(C)CC', 'O=C(OCCCCCCCCCCC)C(CC)C']",1936.0
262,bfcaec72-c4a3-11ed-9cc3-005056921581,ad7e6027-00b8-4c27-918c-d1561f949ad8,"['CC(C)(C)CC(C)(C)C', 'CC(C)(CC(C)C1=CC=CC=C1)C(OC)=O', 'CCC(C(OC)=O)CC', 'CCCCC']",40500.0
263,bfecf1da-b641-11ec-8ff7-005056921581,ad7e6027-00b8-4c27-918c-d1561f949ad8,"['CCC(C(OC)=O)CC', 'CCC(C)CCCC', 'CCCC(C)CCC', 'CCCCC', 'CCCCC(C)C']",117600.0
264,bfef46c6-b63f-11ec-8ff7-005056921581,ad7e6027-00b8-4c27-918c-d1561f949ad8,"['CC(C)(C)C(OC)=O', 'CCC(C)CCCC', 'CCCC(C)CCC', 'CCCCC', 'CCCCC(C)C']",160050.0
265,c189e03a-34fd-11ed-8af2-005056921581,ad7e6027-00b8-4c27-918c-d1561f949ad8,"['CCCC(C)CCC', 'CCCCC', 'COC(C(C)(CC)C)=O']",13565.0
266,c29520ba-69a1-11ed-906f-005056921581,ad7e6027-00b8-4c27-918c-d1561f949ad8,"['CC(C)(C)C(OC)=O', 'CC(C)CCCCC', 'CCCC(C)CCC', 'CCCC/C=C\\C(CCCCCCC)=C\\C(CCCCC)C', 'O=C(OCCCCCCCCCCC)C(CC)C']",7900.0
267,c3121260-b602-11ee-870b-005056921581,ad7e6027-00b8-4c27-918c-d1561f949ad8,"['CC(C)(CC(C)C1=CC=CC=C1)C(OC)=O', 'CCC(C(OC)=O)CC', 'CCC(C)(C)CC', 'CCCC(C)CCC']",17275.0
268,c547b7d8-c94f-11ed-973e-005056921581,ad7e6027-00b8-4c27-918c-d1561f949ad8,['CCCC(C)CCC'],14565.0
269,c6a05dbc-85dc-11ed-8bea-005056921581,ad7e6027-00b8-4c27-918c-d1561f949ad8,"['CCC(C)(C)CC', 'CCC(C)CCCC', 'CCCCC(C)C', 'O=C(OC)C(C)(CCC)C']",88200.0
270,c7ae9c00-0666-11ed-9716-005056921581,ad7e6027-00b8-4c27-918c-d1561f949ad8,"['CC/C=C/CC(C1=CC=CC=C1)CC', 'CCCC(C)CCC', 'CCCCC']",68890.0
271,c7dd733a-76ec-11ed-8822-005056921581,ad7e6027-00b8-4c27-918c-d1561f949ad8,"['CC(C)(CC(C)C1=CC=CC=C1)C(OC)=O', 'CCC(C(OC)=O)CC', 'CCCC(C)CCC', 'CCCCC']",21695.0
272,c7dfa044-b25f-11ec-8ff7-005056921581,ad7e6027-00b8-4c27-918c-d1561f949ad8,"['CC(C)(C)C(OC)=O', 'CCC(C)CCCC', 'CCCC(C)CCC', 'CCCCC', 'CCCCC(C)C']",135800.0
273,c8e46754-ab75-11ec-9d4e-005056921581,ad7e6027-00b8-4c27-918c-d1561f949ad8,"['CCC(C)CCCC', 'CCCC(C)CCC', 'CCCCC', 'CCCCC(C)C', 'O=C(OC)C(C)(C)CC']",143150.0
274,c92d31be-6bc3-11ed-93cd-005056921581,ad7e6027-00b8-4c27-918c-d1561f949ad8,"['CCC(C(OC)=O)CC', 'CCCC(C)CCC']",125000.0
275,c9dac892-6113-11ee-9304-005056921581,ad7e6027-00b8-4c27-918c-d1561f949ad8,"['CC(C(OCCCC)=O)C(OCCCC)=O', 'CCCCCCC(C(C(C)C)CCCCCC)CC(C(C)C)CCCCC', 'CCCCCCCCC(CCCCCC)CC(C)CCCCCCCC']",129050.0
276,cb28f2de-802b-11ec-83a1-005056921581,ad7e6027-00b8-4c27-918c-d1561f949ad8,['CCCC(C)CCC'],10650.0
277,cb82ed28-a614-11ee-9529-005056921581,ad7e6027-00b8-4c27-918c-d1561f949ad8,"['CC(C)(C)CC(C)(C)C', 'CCC(C(OC)=O)CC', 'CCCC(C)CCC', 'CCCCC', 'CCCCC(C)C']",145200.0
278,cb95c1b4-5912-11ed-8a7d-005056921581,ad7e6027-00b8-4c27-918c-d1561f949ad8,"['CC(C)CCCCC', 'CCC(C(OC)=O)CC', 'CCC(C)(C)CC', 'CCC(C)CCCC', 'CCCC(C)CCC']",16895.0
279,cb9c3156-3b22-11ed-82cb-005056921581,ad7e6027-00b8-4c27-918c-d1561f949ad8,"['CCC(C(OC)=O)CC', 'CCC(C)CCCC', 'CCCCC(C)C']",96855.0
280,cbdd05a0-a4ff-11ec-9673-005056921581,ad7e6027-00b8-4c27-918c-d1561f949ad8,"['CCC(C)CCCC', 'CCCC(C)CCC', 'CCCCC', 'CCCCC(C)C', 'O=C(OCCCCCCCCCC)CCCCCC1=CC=CC=C1']",136500.0
281,cc668232-11a9-11ed-9048-005056921581,ad7e6027-00b8-4c27-918c-d1561f949ad8,"['CCC(C(OC)=O)CC', 'CCCC(C)CCC', 'CCCCC', 'COC(C(C)(CC)C)=O']",16640.0
282,cc7e63a8-040b-11ed-8557-005056921581,ad7e6027-00b8-4c27-918c-d1561f949ad8,"['CCCC(C)CCC', 'CCCCC', 'CCCCC(C)C', 'O=C(OC)C(C)(CCC)C']",243600.0
283,ccc88712-c7c4-11ed-9659-005056921581,ad7e6027-00b8-4c27-918c-d1561f949ad8,"['CC(C)CCCCC', 'CCC(C(OC)=O)CC', 'CCCC(C)CCC']",167500.0
284,cdfd2748-34ec-11ed-8af2-005056921581,ad7e6027-00b8-4c27-918c-d1561f949ad8,"['CCC(C(OC)=O)CC', 'CCC(C)(C)CC', 'CCC(C)CCCC', 'CCCCC', 'COC(C(C)(CC)C)=O']",31560.0
285,ce564990-0c06-11ed-9b29-005056921581,ad7e6027-00b8-4c27-918c-d1561f949ad8,"['CC/C=C/CC(C1=CC=CC=C1)CC', 'CCCC(C)CCC', 'CCCCC']",202200.0
286,ce7a6cd4-ab6c-11ed-8d81-005056921581,ad7e6027-00b8-4c27-918c-d1561f949ad8,"['CC(OCCCCOC)=O', 'CCCCCCC(C(C)CCCCCCC)CC(C)CCCCCC', 'O=S(C1=CC=C(CCCCCCCCCCCCCCCCCCC)C=C1)(O)=O']",9119.0
287,cf64c430-c172-11ec-9ebf-005056921581,ad7e6027-00b8-4c27-918c-d1561f949ad8,"['CC/C=C/CC(C1=CC=CC=C1)CCCC(C2=CC=CC=C2)C/C=C/C', 'CC1CCCCC1C', 'CCC(C(OC)=O)CC', 'CCC(C)(C)CC', 'CCC(C)CCCC']",52600.0
288,d0a979c4-e8dd-11ed-937b-005056921581,ad7e6027-00b8-4c27-918c-d1561f949ad8,"['CC(C)CCCCC', 'CCC(C(OC)=O)CC', 'CCCC(C)CCC', 'CCCCC(C)C']",124500.0
289,d0b3a678-d1f0-11ed-929c-005056921581,ad7e6027-00b8-4c27-918c-d1561f949ad8,"['CC(C)CCCCC', 'CCC(C(OC)=O)CC', 'CCCC(C)CCC', 'CCCCC', 'O=C(OCCCCCCCCCCC)C(CC)C']",31050.0
290,d1777f0c-408d-11ed-9f68-005056921581,ad7e6027-00b8-4c27-918c-d1561f949ad8,"['CCC(C(OC)=O)CC', 'CCC(C)CCCC', 'CCCCC']",31800.0
291,d2af969e-0e69-11ed-8e9d-005056921581,ad7e6027-00b8-4c27-918c-d1561f949ad8,"['CCC(C(OC)=O)CC', 'CCCC(C)CCC', 'CCCCC']",25650.0
292,d2f7962a-8eaf-11ee-8345-005056921581,ad7e6027-00b8-4c27-918c-d1561f949ad8,"['CC(C)(C)CC(C)(C)C', 'CCC(C(OC)=O)CC', 'CCCC(C)CCC', 'CCCCC', 'CCCCC(C)C']",93510.0
293,d55647bc-2ead-11ed-8c6c-005056921581,ad7e6027-00b8-4c27-918c-d1561f949ad8,"['CCC(C(OC)=O)CC', 'CCC(C)CC', 'CCC(C)CCCC', 'CCCCC', 'CCCCC(C)C']",100280.0
294,d5b55a6c-7ae4-11ed-9727-005056921581,ad7e6027-00b8-4c27-918c-d1561f949ad8,"['CC(C)(CC(C)C1=CC=CC=C1)C(OC)=O', 'CCC(C(OC)=O)CC', 'CCCC(C)CCC', 'CCCCC']",12145.0
295,d6224738-ea53-11ed-9b5d-005056921581,ad7e6027-00b8-4c27-918c-d1561f949ad8,"['CC(C(OCCCC)=O)C(OCCCC)=O', 'CCCCCCC(C(C)CCCCCCC)CC(C)CCCCCC']",10845.0
296,d71afc64-797f-11ee-9355-005056921581,ad7e6027-00b8-4c27-918c-d1561f949ad8,"['CCC(C(OC)=O)CC', 'CCCC(C)CCC', 'CCCCC(C)C']",13025.0
297,d7ac7d6a-4ec4-11ed-8ba0-005056921581,ad7e6027-00b8-4c27-918c-d1561f949ad8,"['CC(C)CCCCC', 'CCC(C(OC)=O)CC', 'CCC(C)(C)CC', 'CCC(C)CCCC', 'CCCC(C)CCC']",11910.0
298,d7db52b0-a0a9-11ee-8a84-005056921581,ad7e6027-00b8-4c27-918c-d1561f949ad8,"['CC(C)(C)CC(C)(C)C', 'CC(C)(CC(C)C1=CC=CC=C1)C(OC)=O', 'CCC(C(OC)=O)CC', 'CCC(C)CCC', 'CCCC(C)CCC']",22375.0
299,d83b9c4a-699d-11ed-906f-005056921581,ad7e6027-00b8-4c27-918c-d1561f949ad8,"['CCC(C(OC)=O)CC', 'CCCC(C)CCC']",121950.0
300,d8942d74-e4c7-11ed-9764-005056921581,ad7e6027-00b8-4c27-918c-d1561f949ad8,"['CC(C(OCCCC)=O)C(OCCCC)=O', 'CCCCCCC(C(C)CCCCCCC)CC(C)CCCCCC']",12360.0
301,d94052d4-ca19-11ed-9dc9-005056921581,ad7e6027-00b8-4c27-918c-d1561f949ad8,"['CC(C)CCCCC', 'CCC(C(OC)=O)CC', 'CCCC(C)CCC', 'CCCCC', 'O=C(OCCCCCCCCCCC)C(CC)C']",22610.0
302,daa2f6ca-a9dd-11ec-9d4e-005056921581,ad7e6027-00b8-4c27-918c-d1561f949ad8,"['CCC(C)CCCC', 'CCCC(C)CCC', 'CCCCC', 'CCCCC(C)C']",372600.0
303,dc7db574-37e6-11ed-9a4d-005056921581,ad7e6027-00b8-4c27-918c-d1561f949ad8,"['CCC(C(OC)=O)CC', 'CCC(C)(C)CC', 'CCC(C)CCCC', 'CCCCC', 'COC(C(C)(CC)C)=O']",46000.0
304,dccd2bda-693e-11ec-83a1-005056921581,ad7e6027-00b8-4c27-918c-d1561f949ad8,"['CCC(C)CCCC', 'CCCCC', 'CCCCC(C)C', 'O=C(OCCCCCCCCCC)CCCCCC1=CC=CC=C1']",137700.0
305,dd08d5ee-4dff-11ed-9a6d-005056921581,ad7e6027-00b8-4c27-918c-d1561f949ad8,"['CC1=CC2=NNN=C2C=C1.C(CO)N(CCO)CCO', 'CCC(C(OC)=O)CC', 'CCCC(C)CCC', 'CCCCC']",16775.0
306,dde439e0-1263-11ed-8f47-005056921581,ad7e6027-00b8-4c27-918c-d1561f949ad8,"['CC/C=C/CC(C1=CC=CC=C1)CC', 'CCC(C(OC)=O)CC', 'CCC(C)CCCC', 'CCCCC']",46575.0
307,e0356eb6-6f3d-11ee-8917-005056921581,ad7e6027-00b8-4c27-918c-d1561f949ad8,"['CC(C(OCCCC)=O)C(OCCCC)=O', 'CCCCCCC(CCCCCCCC)CCCCCCCC', 'CCCCCCCCC(CCCCCC)CC(C)CCCCCCCC']",7966.0
308,e29b2894-d47d-11ee-81cf-005056921581,ad7e6027-00b8-4c27-918c-d1561f949ad8,"['CC(C)(C)CC(C)(C)C', 'CC(C)(CC(C)C1=CC=CC=C1)C(OC)=O', 'CCC(C(OC)=O)CC', 'CCCCCCC']",20400.0
309,e3575a32-6d85-11ee-889d-005056921581,ad7e6027-00b8-4c27-918c-d1561f949ad8,"['CC(C(OCCCC)=O)C(OCCCC)=O', 'CCCCCCC(CCCCCCCC)CCCCCCCC', 'CCCCCCCCC(CCCCCC)CC(C)CCCCCCCC']",198300.0
310,e3db8d3a-a614-11ee-9529-005056921581,ad7e6027-00b8-4c27-918c-d1561f949ad8,"['CC(C)(C)CC(C)(C)C', 'CCC(C(OC)=O)CC', 'CCCC(C)CCC', 'CCCCC', 'CCCCC(C)C']",142050.0
311,e472c494-13e8-11ed-94cf-005056921581,ad7e6027-00b8-4c27-918c-d1561f949ad8,"['CC/C=C/CC(C1=CC=CC=C1)CC', 'CCC(C(OC)=O)CC', 'CCC(C)CCCC', 'CCCCC']",38060.0
312,e5540900-b186-11ec-9d4e-005056921581,ad7e6027-00b8-4c27-918c-d1561f949ad8,"['CCC(C)CCCC', 'CCCC(C)CCC', 'CCCCC', 'CCCCC(C)C', 'O=C(OCCCCCCCCCC)CCCCCC1=CC=CC=C1']",115800.0
313,e5a85c1e-a3af-11ed-9d48-005056921581,ad7e6027-00b8-4c27-918c-d1561f949ad8,"['CC(C)CCCCC', 'CCC(C(OC)=O)CC', 'CCCC(C)CCC', 'CCCCC(C)C']",83845.0
314,e654bfce-1e15-11ed-94df-005056921581,ad7e6027-00b8-4c27-918c-d1561f949ad8,"['CCCC(C)CCC', 'CCCCC']",14955.0
315,e716349a-adcd-11ed-996a-005056921581,ad7e6027-00b8-4c27-918c-d1561f949ad8,"['CC(C)(C)CC(C)(C)C', 'CC(C)CCCCC', 'CCC(C(OC)=O)CC', 'CCCC(C)CCC', 'CCCCC', 'CCCCC(C)C']",131300.0
316,e773aefc-f89d-11ed-9df0-005056921581,ad7e6027-00b8-4c27-918c-d1561f949ad8,"['CC(C(OCCCC)=O)C(OCCCC)=O', 'CCCCCCCCC(CCCCCC)CC(C)CCCCCCCC']",8222.0
317,e78f2952-993f-11ec-9673-005056921581,ad7e6027-00b8-4c27-918c-d1561f949ad8,"['CCC(C)CCCC', 'CCCCC(C(OCC)=O)C(OCC)=O', 'CCCCC(C)C', 'CCCCCCCCC(C(C(C)C)CCCCCC)CC(C(C)C)CCCCC']",29100.0
318,e7e69f08-797f-11ee-9355-005056921581,ad7e6027-00b8-4c27-918c-d1561f949ad8,"['CCC(C(OC)=O)CC', 'CCCC(C)CCC', 'CCCCC(C)C']",31890.0
319,e800c690-83b5-11ee-9b0d-005056921581,ad7e6027-00b8-4c27-918c-d1561f949ad8,"['CC(C)(C)CC(C)(C)C', 'CCC(C(OC)=O)CC', 'CCC(C)(C)CC', 'CCCCC(C)C']",70100.0
320,ea8eb074-040a-11ed-8557-005056921581,ad7e6027-00b8-4c27-918c-d1561f949ad8,"['CCCC(C)CCC', 'CCCCC', 'CCCCC(C)C', 'O=C(OC)C(C)(CCC)C']",179850.0
321,f03ab0bc-6168-11ec-803b-005056921581,ad7e6027-00b8-4c27-918c-d1561f949ad8,"['CCC(C)CCCC', 'CCCCC', 'CCCCC(C)C', 'O=C(OCCCCCCCCCC)CCCCCC1=CC=CC=C1']",137100.0
322,f24f55dc-0e6b-11ed-8e9d-005056921581,ad7e6027-00b8-4c27-918c-d1561f949ad8,"['CC/C=C/CC(C1=CC=CC=C1)CC', 'CCC(C)(C)CC', 'CCCC(C)CCC', 'CCCCC']",61850.0
323,f2703df4-4df6-11ed-9a6d-005056921581,ad7e6027-00b8-4c27-918c-d1561f949ad8,"['CCC(C(OC)=O)CC', 'CCC(C)CCCC']",189900.0
324,f2e31c9a-8071-11ed-990b-005056921581,ad7e6027-00b8-4c27-918c-d1561f949ad8,"['CC(C)(C)C(OC)=O', 'CC(C)CCCCC', 'CCCC(C)CCC', 'CCCC/C=C\\C(CCCCCCC)=C\\C(CCCCC)C', 'CCCCCCC', 'O=C(OCCCCCCCCCCC)C(CC)C']",6716.0
325,f320857e-dce9-11ed-803e-005056921581,ad7e6027-00b8-4c27-918c-d1561f949ad8,"['CC(C)(C)CC(C)(C)C', 'CC(C)CCCCC', 'CCC(C(OC)=O)CC', 'CCCC(C)CCC', 'CCCCC', 'CCCCC(C)C']",103100.0
326,f33ce86a-c5a3-11ee-9962-005056921581,ad7e6027-00b8-4c27-918c-d1561f949ad8,"['CC(C)(C)CC(C)(C)C', 'CCC(C(OC)=O)CC', 'CCC(CC(C)OCCCC)Cl', 'CCCC(C)CCC', 'CCCCC']",55635.0
327,f3bbe0c2-ea55-11ed-9b5d-005056921581,ad7e6027-00b8-4c27-918c-d1561f949ad8,"['CC(C(OCCCC)=O)C(OCCCC)=O', 'CCCCC(C)C', 'CCCCCCC(C(C)CCCCCCC)CC(C)CCCCCC']",11040.0
328,f4d0214e-5f36-11ed-855c-005056921581,ad7e6027-00b8-4c27-918c-d1561f949ad8,"['CCC(C(OC)=O)CC', 'CCC(C)(C)CC', 'CCCC(C)CCC', 'CCCCC(C)C', 'OC1=CC=C(CCCC)C=C1C(O[Ca]OC(C2=CC(CCCC)=CC=C2O)=O)=O']",132900.0
329,f52315b4-b25e-11ec-8ff7-005056921581,ad7e6027-00b8-4c27-918c-d1561f949ad8,"['CC(C)(C)C(OC)=O', 'CCC(C)CCCC', 'CCCC(C)CCC', 'CCCCC', 'CCCCC(C)C']",131000.0
330,f8251050-7260-11ee-82d1-005056921581,ad7e6027-00b8-4c27-918c-d1561f949ad8,"['CC(C)(C)CC(C)(C)C', 'CCC(C(OC)=O)CC', 'CCC(C)(C)CC', 'CCCCC(C)C']",69975.0
331,f9a8223a-0cf1-11ed-87b0-005056921581,ad7e6027-00b8-4c27-918c-d1561f949ad8,"['CCC(C(OC)=O)CC', 'CCCC(C)CCC', 'CCCCC']",18195.0
332,fb57b4fe-632f-11ec-8eb2-005056921581,ad7e6027-00b8-4c27-918c-d1561f949ad8,"['CCC(C)CCCC', 'CCCC(C)CCC']",16315.0
333,fb583e86-4de6-11ed-9a6d-005056921581,ad7e6027-00b8-4c27-918c-d1561f949ad8,"['CCC(C(OC)=O)CC', 'CCC(C)(C)CC', 'CCCC(C)CCC', 'CCCCC(C)C']",138400.0
334,fbc44952-0f2d-11ed-9900-005056921581,ad7e6027-00b8-4c27-918c-d1561f949ad8,"['CCC(C(OC)=O)CC', 'CCCC(C)CCC', 'CCCCC']",18175.0
335,fc68e5c8-b25f-11ec-8ff7-005056921581,ad7e6027-00b8-4c27-918c-d1561f949ad8,"['CC(C)(C)C(OC)=O', 'CCC(C)CCCC', 'CCCC(C)CCC', 'CCCCC', 'CCCCC(C)C']",131000.0
336,fd893206-5e3a-11ec-803b-005056921581,ad7e6027-00b8-4c27-918c-d1561f949ad8,"['CCCCC(C(OCC)=O)C(OCC)=O', 'CCCCCCCCC(C(C(C)C)CCCCCC)CC(C(C)C)CCCCC', 'O=C(CC)OCCCCCOC']",23500.0
337,fd96a6a2-b0fb-11ec-9d4e-005056921581,ad7e6027-00b8-4c27-918c-d1561f949ad8,"['CCC(C)CCCC', 'CCCC(C)CCC', 'CCCCC', 'CCCCC(C)C', 'O=C(OCCCCCCCCCC)CCCCCC1=CC=CC=C1']",134400.0
338,fe2c1c0a-4f84-11ed-93f9-005056921581,ad7e6027-00b8-4c27-918c-d1561f949ad8,"['CCC(C(OC)=O)CC', 'CCC(C)(C)CC', 'CCCC(C)CCC', 'CCCCC(C)C', 'OC1=C(C(C)(C)C)C=C(CCC(OCC)=O)C=C1C(C)(C)C']",112900.0
339,fe497da4-4ac5-11ed-8f31-005056921581,ad7e6027-00b8-4c27-918c-d1561f949ad8,"['CCC(C(OC)=O)CC', 'CCC(C)(C)CC', 'CCC(C)CCCC', 'CCCCC']",33510.0
340,fe8635a0-1262-11ed-8f47-005056921581,ad7e6027-00b8-4c27-918c-d1561f949ad8,"['CCC(C(OC)=O)CC', 'CCC(C)(C)CC', 'CCC(C)CCCC', 'COC(C(C)(CC)C)=O']",17140.0
